	en	es	de
lang	English	Espa√±ol	Deutsch
title	MeteoNook for {island}	MeteoNook para {island}	MeteoNook f√ºr {island}
		
mSettings	Settings	Opciones	Einstellungen
mTimeFormat	Time format	Sistema horario	Zeitformat
mTime12	12 hours	12 horas	12 Stunden
mTime24	24 hours	24 horas	24 Stunden
mLanguage	Language	Idioma	Sprache
		
hTab	Welcome	Inicio	Willkommen
sTab	Seed	Semilla	Seed
oTab	Overview	Ahora	√úbersicht
yTab	Yearly	Anual	J√§hrlich
mTab	Monthly	Mensual	Monatlich
		
hTWelcome	Welcome to MeteoNook Alpha	Bienvenido a MeteoNook Alpha	Willkommen zu MeteoNook Alpha
hWelcome	MeteoNook is a weather forecaster for <i>Animal Crossing: New Horizons</i> versions 1.2.0 and 1.2.1.%%This tool will predict your island's weather patterns, including exact times for meteor showers, rainbows and the aurora borealis. To get started, you'll need the seed, a long number unique to your island that determines what your weather will be. Follow the instructions on the <b>Seed</b> tab to find it.	MeteoNook predice el tiempo para <i>Animal Crossing: New Horizons</i> en sus versiones 1.2.0 y 1.2.1.%%Esta herramienta te dar√° pron√≥sticos para los patrones que sigue el clima en tu isla, incluyendo tiempos exactos para las lluvias de meteoritos, los arco√≠ris y la aurora. Para comenzar, necesitar√°s la semilla ambiental, un numero que pertenece a tu isla y que influye el sistema. Sigue los pasos en la pesta√±a <b>Semilla</b> para encontrarlo.	MeteoNook ist eine Wettervorhersage f√ºr <i>Animal Crossing: New Horizons</i> Version 1.2.0 und 1.2.1%%Dieses Tool sagt das Wetterverhalten deiner Insel voraus, inklusive exakten Uhrzeiten f√ºr Sternschnuppen, Regenbogen und Nordlichter. Um zu beginnen ben√∂tigst du einen Wetter Seed. Das ist eine lange, einzigartige Zahl f√ºr deine Insel die festlegt, wie dein Wetter sein wird. Folge der Anleitung im <b>Seed</b>-Tab um mehr herauszufinden.
hTLog	Changelog	Actualizaciones	√Ñnderungshistorie
hLog20200610	Initial testing release	Primera versi√≥n de pruebas	Initial testing release
hLog20200611	Added per-second and rainbow/aurora searching, fog forecasts, week borders and some more stuff I forgot	A√±adido: B√∫squedas con tiempos al segundo y arco√≠ris/aurora, previsiones de niebla, bordes en las semanas y algunas cosas mas que he olvidado	Added per-second and rainbow/aurora searching, fog forecasts, week borders and some more stuff I forgot
hLog20200612	Fixed calculation of shooting star times and wind power after midnight on the last two days of the month	Corregido: Los c√°lculos del horario de meteoritos y la velocidad del viento a partir de la medianoche en los √∫ltimos dos d√≠as del a√±o	Fixed calculation of shooting star times and wind power after midnight on the last two days of the month
hLog20200613	Fixed bug where seed searches involving shooting star times with seconds wouldn't actually match anything (I'm sorry, this was really silly)	Corregido: Un error en que las b√∫squedas con horario de meteoritos incluyendo segundos no cuadraban con ninguna semilla	Fixed bug where seed searches involving shooting star times with seconds wouldn't actually match anything (I'm sorry, this was really silly)
hLog20200614	Fixed checkboxes for aurora not updating properly. Restricted Bunny Day special weather to 2020. Added 'possible patterns' display to the seed finder, and warnings for event days. Added 12-hour display option.	Corregido: Las opciones de aurora no se actualizaban correctamente. El patr√≥n para el evento de la Caza del Huevo esta ahora restringido al 2020. A√±adido: Muestra de 'patrones posibles' a la pesta√±a Semilla, advertencias para d√≠as con patrones de evento, y opci√≥n para mostrar tiempos en el sistema de 12 horas para los americanos.	Fixed checkboxes for aurora not updating properly. Restricted Bunny Day special weather to 2020. Added 'possible patterns' display to the seed finder, and warnings for event days. Added 12-hour display option.
hLog20200615	Added translation support and a Spanish translation.	A√±adido: Soporte para traducciones, y una traducci√≥n a espa√±ol.	Added translation support and a Spanish translation.
hLog20200616	Fixed bug involving meteor shower gaps ending in the last minute of the hour (X:59).	Corregido: Un error en que los huecos en el horario de meteoritos no pod√≠an acabar en el ultimo minuto de la hora (X:59).	Fixed bug involving meteor shower gaps ending in the last minute of the hour (X:59).
hLog20200630	MeteoNook has been rewritten from scratch to be more robust and updatable, and is now open-source. There is a new Overview page that shows you information about your upcoming weather and lets you store island information. The seed finder has been made easier to use by adding more 'not sure' options and it can now tolerate small errors in shooting star timing. Dates will now show in M/D/Y format if you select "English (US)".	MeteoNook ha sido reescrito para hacerlo mas robusto y mas f√°cil de actualizar, y ahora tiene su c√≥digo abierto. Hay una nueva pesta√±a, 'Ahora', que muestra informaci√≥n sobre el tiempo actual y que permite guardar los datos de tu isla. El buscador de semillas es m√°s f√°cil de usar porque tiene mas opciones del tipo 'no estoy seguro' y ahora soporta peque√±os fallos en el horario de meteoritos. Adem√°s, el idioma "English (US)" ahora muestra las fechas en el formato mes/d√≠a/a√±o.	MeteoNook has been rewritten from scratch to be more robust and updatable, and is now open-source. There is a new Overview page that shows you information about your upcoming weather and lets you store island information. The seed finder has been made easier to use by adding more 'not sure' options and it can now tolerate small errors in shooting star timing. Dates will now show in M/D/Y format if you select "English (US)".
hLog20200702	Initial support for 1.3.0. There are still a couple of necessary changes (Fine02 and Fine06 have changed slightly) which will be implemented tomorrow.	Soporte inicial para la versi√≥n 1.3.0. Aun quedan algunas cosas que hay que resolver con cambios en los patrones Fine02 y Fine06.	Initial support for 1.3.0. There are still a couple of necessary changes (Fine02 and Fine06 have changed slightly) which will be implemented tomorrow.
hTFAQ	Frequently Asked Questions	Preguntas frecuentes	H√§ufig gestellte Fragen
hQSeed	Will my seed change if I time travel?	¬øCambiar√° mi semilla si viajo en el tiempo?	√Ñndert sich mein Wetter Seed wenn ich Zeitreisen mache?
hASeed	No. It's picked randomly when you create your island and never changes.	No. La semilla se determina cuando entras en tu isla por primera vez, y nunca cambia.	Nein. Der Wetter Seed wird einmalig bei Erstellung der Insel zuf√§llig ausgew√§hlt und √§ndert sich danach nicht mehr.
hQCeleste	Where is Celeste?	¬øD√≥nde esta Estela?	Wo ist Eufemia?
hACeleste	At the start of the week, the game picks a random day for Celeste to appear out of the days that have meteor showers. This is fully random and not based on the seed, and cannot be predicted.	Cada semana, el juego escoge un d√≠a con lluvia de meteoritos para que Estela aparezca. Esta selecci√≥n es al azar, no pertenece a la semilla ambiental, y no se puede prever.	Zu beginn der Woche w√§hlt das Spiel einen zuf√§lligen Tag f√ºr Eufemias erscheinen aus, der unabh√§ngig von Sternschnuppen ist. Dies ist komplett zuf√§llig und steht nicht im Zusammenhang mit deinem Wetter Seed. Somit kann dieser Besuch nicht vorausgesagt werden.
hQWind	What does the üçÉ mean?	¬øQue quiere decir la üçÉ?	Was bedeutet üçÉ?
hAWind	The number represents the strength or speed of the wind. 0 is completely calm, 1 is a breeze, and 5 is the maximum that you can get in AC:NH. It does nothing useful whatsoever, but the effect it has on items like palm trees and the clothes line is quite amusing.	El n√∫mero significa la fuerza o velocidad del viento. 0 es completamente tranquilo, 1 es un peque√±o viento, y 5 es el nivel maximo que puedes tener en AC:NH. El viento no tiene utilidad en el juego para nada, pero el efecto que tiene en objetos como las palmeras y los tendederos es bastante gracioso.	Die Zahl steht f√ºr die St√§rke beziehungsweise f√ºr die Geschwindigkeit des Windes. 0 hei√üt kein Wind, 1 ist eine leichte Brise und 5 ist die maximale Windst√§rke in AC:NH. Die Windst√§rke hat keinen Einfluss auf das Spielverhalten, lediglich einige Gegenst√§nde wie Palmen und Anziehsachen sind unterschiedlich animiert.
hQMoreData	Why does it say I need more data?	¬øPor qu√© me pide mas datos?	Warum bekomme ich die Nachricht, dass mehr Daten ben√∂tigt werden?
hAMoreData	There are over 2 billion possible weather seeds, but only one is correct for your island. MeteoNook goes through every single possibility, calculates the weather it would give, and checks it against the data you provide. If it doesn't make sense (e.g. you said you had rain at a given time, but the seed would make it sunny) then that possibility is ignored.%%During testing, we've had success with the following combinations...%%-The known dates for between 5 and 7 heavy showers%%-The known hour and minute times for stars in a light shower, spanning between 1 and 3 hours%%-The known hour, minute and second times for a few different stars in a light shower%%-The known dates and times for between 5 and 7 rainbows%%It is of course heavily randomised, though. You might get lucky and find yours with less information, or you might need more!	Hay m√°s de 2 billones de semillas, pero solo una vale para tu isla. MeteoNook hace pruebas con cada semilla, calcula el tiempo que dar√≠a, y lo compara con los datos que t√∫ introduces. Si no coincide (por ejemplo, dijiste que tuviste lluvia a cierta hora, pero la semilla dar√≠a sol) la semilla ser√° descartada.%%En nuestras pruebas, hemos tenido suerte con estas combinaciones...%%-Las fechas para entre 5 y 7 lluvias fuertes de meteoritos%%-Los horarios (con hora y minuto) para meteoritos en una lluvia leve, entre 1 a 3 horas%%- Los horarios (con hora, minuto y segundo) para unos cuantos meteoritos distintos en una lluvia leve%%-Las fechas y horarios para entre 5 y 7 arco√≠ris%%Pero m√°s all√° de eso, el sistema ambiental es muy aleatorio. Puedes tener suerte y encontrar tu semilla con menos informaci√≥n, o puedes necesitar m√°s.	Es gibt √ºber 2 Milliarden m√∂gliche Wetter Seeds, aber nur ein einziger ist der richtige f√ºr deine Insel. MeteoNook durchsucht alle m√∂glichen Seeds, kalkuliert das Wetter zum Seed und vergleicht es mit deinen Daten die du angegeben hast. Wenn das berechnete Wetter des Seeds nicht zu deiner Angabe passt (z.B. du hast Regen zu einer Uhrzeit angegeben aber der Seed hat Sonne berechnet), wird der Seed ignoriert.%%W√§hrend des Testens hatten wir mit folgenden Kombinationen Erfolg...%%-Die genauen Daten f√ºr 5 bis 7 starke Regenschauer%%-Die genauen Stunden und Minuten f√ºr Sterne in einem Sternenschauer √ºber 1 bis 3 Stunden%%-Die genauen Stunden, Minuten und Sekunden f√ºr verschiedene Sternschnuppen%%-Die genauen Tage und Uhrzeiten f√ºr 5 bis 7 Regenb√∂gen%%Es ist in auf jeden Fall stark Zuf√§llig. Vielleicht hast du Gl√ºck und kannst mit nur wenigen Daten den richtige Seed finden, vielleicht musst du aber auch mehr Daten angeben!
hQNoSeeds	Why can't it find my seed?	¬øPor qu√© no encuentra mi semilla?	Warum kann mein Wetter Seed nicht gefunden werden?
hANoSeeds	One mistake in the data you enter will be enough to stop MeteoNook from finding the correct seed. This tends to happen with weather types, as it's easy to mix them up. If you're not completely sure, then select the appropriate "not sure" option. It doesn't narrow down the options as quickly as selecting a specific type, but it's less risky - a slow but correct result is better than no result!	Un error en los datos que introduces es suficiente para que MeteoNook no pueda encontrar la semilla correcta. Esto suele pasar con los tipos del tiempo, porque es f√°cil confundir uno con otro. Si no est√°s completamente seguro, elige la opci√≥n "No estoy seguro" en la secci√≥n correspondiente. No elimina tantas opciones como si eligieras un tipo especifico, pero tiene menos riesgo - ¬°un resultado correcto y lento es mejor que ning√∫n resultado!	Ein Fehler in den von dir angegebenen Daten reicht aus, damit MeteoNook den korrekten Wetter Seed nicht mehr finden kann. Dies passiert schnell, da die Wettertypen leicht zu vermischen sind. Wenn du dir nicht komplett sicher bist, dann w√§hle "nicht sicher" als Option. Dies schr√§nkt die Wetterauswahl nicht so schnell ein wie bei einer spezifische Auswahl eines Wettertypen, ist aber weniger riskant - ein langsames, aber korrektes Ergebnis ist besser als gar kein Ergebnis!
hQBadSeed	It gave me a seed, but the results are wrong!	Me ha dado una semilla, ¬°pero el pron√≥stico est√° mal!	Ich habe einen Wetter Seed erhalten, aber die Daten stimmen nicht!
hABadSeed	This happens sometimes, it sucks. What's most likely happened is that there was a mistake somewhere in your data and MeteoNook has found a seed which fits what you asked for, but doesn't actually match what your island uses. Try changing your weather types to "not sure", just in case it's a mistake with cloud types. If that doesn't help, you may have to collect new data.	Esto pasa de vez en cuando. Lo m√°s probable es que haya un error en tus datos y MeteoNook haya encontrado una semilla que encaja con tus datos, pero en verdad no es la semilla que tu isla tiene. Intenta cambiar los tipos del tiempo a "no estoy seguro", por si acaso es un error en los tipos de nubes. Si no ayuda, quiz√°s tengas que obtener nuevos datos.	Das passiert manchmal und es nervt. Am wahrscheinlichsten ist, dass irgendwo in deinen angegebenen Daten ein Fehler ist und MeteoNook einen Wetter Seed gefunden hat, der zwar zu deinen Angaben passt, aber nicht zum Wetter deiner Insel. Versuche deine Wettertypen zu "nicht sicher" zu √§ndern, nur um sicher zu gehen, dass es kein Fehler mit den Wolkentypen ist. Wenn das nicht hilft, musst du eventuell neue Daten sammeln.
hQAdd	Will you add X...?	¬øVas a a√±adir X...?	Wirst du Funktion X hinzuf√ºgen?
hAAdd	Maybe. No promises.	Tal vez. No prometo nada.	Vielleicht. Vielleicht nicht. Ich kann nichts versprechen.
hQDonate	Can I give you money?	¬øPuedo darte dinero?	Kann ich dir Geld spenden?
hADonate	Since a few people asked me on Discord and Twitter, I've added some links to the footer. Please don't feel obligated to do so, though!	Ya que alguna gente me pregunt√≥ en Discord y en Twitter, he puesto unos enlaces al final de la p√°gina. ¬°Pero ten en cuenta que no hay obligaci√≥n de nada!	Since a few people asked me on Discord and Twitter, I've added some links to the footer. Please don't feel obligated to do so, though!
hQSource	Will this be open source?	¬øVas publicar el c√≥digo fuente?	Wird das hier Open Source werden?
hASource	This new version of MeteoNook is available on GitHub under the GNU Affero GPL 3.0. The repository link is at the bottom of this page.	Esta nueva versi√≥n de MeteoNook est√° publicada en GitHub, con la licencia GNU Affero GPL 3.0. El enlace est√° al final de esta pagina.	This new version of MeteoNook is available on GitHub under the GNU Affero GPL 3.0. The repository link is at the bottom of this page.
		
sIntro	Before you can forecast your island's weather, you'll need to determine what weather seed it has. This tool will find it for you once you've provided enough data about your island's weather. The more information you provide, the easier it will be!	Para obtener previsiones en tu isla, tendr√°s que determinar la semilla ambiental. Esta herramienta te ayudar√° a encontrarla con los datos que introduces sobre el tiempo en tu isla. Cuanta m√°s informaci√≥n, ¬°m√°s f√°cil ser√°!	Before you can forecast your island's weather, you'll need to determine what weather seed it has. This tool will find it for you once you've provided enough data about your island's weather. The more information you provide, the easier it will be!
sTTypes	Weather Types	Tipos de tiempo	Wettertypen
sTypes1	Each hour in Animal Crossing has a type of weather - clear ‚òÄÔ∏è, sunny üå§, cloudy üå•Ô∏èÔ∏è, rain clouds ‚òÅ, rain/snow üåß and heavy rain/snow ‚õàÔ∏è. If you know what type you have in a particular hour, then add it in this section.	Cada hora en Animal Crossing tiene asociado un tipo de tiempo - claro ‚òÄÔ∏è, soleado üå§, nublado üå•Ô∏èÔ∏è, nube de lluvia ‚òÅ, lluvia/nieve üåß y lluvia/nieve fuerte ‚õàÔ∏è. Si sabes qu√© tipo tienes a una cierta hora, a√±√°delo en esta secci√≥n.	Each hour in Animal Crossing has a type of weather - clear ‚òÄÔ∏è, sunny üå§, cloudy üå•Ô∏èÔ∏è, rain clouds ‚òÅ, rain/snow üåß and heavy rain/snow ‚õàÔ∏è. If you know what type you have in a particular hour, then add it in this section.
sTypes2	Clouds are easiest to identify at the start of the hour (X:00), so if the sky is fully clear at 13:00, then 13H is definitely <b>clear ‚òÄÔ∏è</b>. At 13:30, the weather will be a mix of the 13H weather and the 14H weather.%%Rain and snow last for the whole hour, so if you see rain at any point between 13H and 14H, then 13H is definitely <b>rain/snow üåß</b> or <b>heavy rain/snow ‚õàÔ∏è</b>.%%If you're not sure about the cloud type within a given hour, you can pick one of the 'Not sure' options.%%You don't need to enter these on days where you've seen a heavy shower, rainbow or aurora borealis, because that information is good enough to pin down that day's pattern perfectly.	Las nubes son m√°s f√°ciles de identificar al comienzo de la hora (X:00), as√≠ que si el cielo esta completamente claro a las 13:00, puedes estar seguro de que 13H es <b>claro ‚òÄÔ∏è</b>. A las 13:30, el tiempo ser√° una mezcla entre el tiempo de las 13H y el tiempo de las 14H.%%Lluvia y nieve duran por la hora entera, as√≠ que si ves lluvia en cualquier punto entre las 13H y las 14H, sabes que el tiempo a las 13H es <b>lluvia/nieve üåß</b> o <b>lluvia/nieve fuerte ‚õàÔ∏è</b>.%%Si no est√°s seguro de qu√© tipo de nubes tienes, puedes elegir una de las opciones 'No estoy seguro'.%%No necesitas esta informaci√≥n en d√≠as en que has visto una lluvia fuerte de meteoritos, un arco√≠ris o la aurora, porque esos temas son bastante para adivinar el patr√≥n del d√≠a sin margen de error.	Clouds are easiest to identify at the start of the hour (X:00), so if the sky is fully clear at 13:00, then 13H is definitely <b>clear ‚òÄÔ∏è</b>. At 13:30, the weather will be a mix of the 13H weather and the 14H weather.%%Rain and snow last for the whole hour, so if you see rain at any point between 13H and 14H, then 13H is definitely <b>rain/snow üåß</b> or <b>heavy rain/snow ‚õàÔ∏è</b>.%%If you're not sure about the cloud type within a given hour, you can pick one of the 'Not sure' options.%%You don't need to enter these on days where you've seen a heavy shower, rainbow or aurora borealis, because that information is good enough to pin down that day's pattern perfectly.
sTStars	Shooting Star Times	Horario de Meteoritos	Sternschnuppen Zeiten
sStars	If you note down the exact in-game time (hour and minute) when shooting stars have appeared during a meteor shower, then this information will help the process. You will always get 5 or 8 shooting stars in a minute where they appear.%%If you're sure that there are no stars in a specific time period, you can add it to the Gaps section to help the algorithm out. The <b>Make from Times</b> button will automatically create gaps between every time you've put in.%%By clicking <b>Edit Seconds</b>, you can add down-to-the-second times for each star. This is a very good way to find your seed quickly, but it can be very difficult to get the timing correct as the in-game clock doesn't show seconds.%%<b>Heavy showers</b> will give you 5 or 8 stars a minute, very frequently (every other minute on average), between 19H and 04H. <b>Light showers</b> will give you 5 stars a minute, in very rare bursts.	Si apuntas el tiempo exacto (hora y minuto) seg√∫n el reloj del juego en que aparecen unos meteoritos, estos datos te ayudar√°n a encontrar tu semilla. En cada minuto con meteoritos, siempre habr√°n 5 u 8.%%Si est√°s seguro de que no aparecen meteoritos en un periodo de tiempo, puedes a√±adirlo a la secci√≥n de Huecos para ayudar al proceso. El bot√≥n <b>Hacer del horario</b> crear√° huecos entre los meteoritos que ya has puesto.%%Si haces clic en <b>Segundos</b>, puedes poner tiempos precisos hasta el segundo para cada meteorito. Es una manera muy eficaz de buscar tu semilla, pero tambi√©n es muy dif√≠cil determinar los tiempos porque el reloj en el juego no muestra los segundos.%%Las <b>lluvias fuertes</b> te dar√°n 5 u 8 meteoritos cada minuto, con alta frecuencia (en el 50% de los minutos, de media), entre las 19H y las 04H. Las <b>lluvias leves</b> te dar√°n 5 meteoritos cada minuto, con muy baja frecuencia.	If you note down the exact in-game time (hour and minute) when shooting stars have appeared during a meteor shower, then this information will help the process. You will always get 5 or 8 shooting stars in a minute where they appear.%%If you're sure that there are no stars in a specific time period, you can add it to the Gaps section to help the algorithm out. The <b>Make from Times</b> button will automatically create gaps between every time you've put in.%%By clicking <b>Edit Seconds</b>, you can add down-to-the-second times for each star. This is a very good way to find your seed quickly, but it can be very difficult to get the timing correct as the in-game clock doesn't show seconds.%%<b>Heavy showers</b> will give you 5 or 8 stars a minute, very frequently (every other minute on average), between 19H and 04H. <b>Light showers</b> will give you 5 stars a minute, in very rare bursts.
sTTips	Tips	Sugerencias	Tipps
sTips	-Don't put info in if you're not completely sure about it.%%-Look through screenshots and videos you've taken <b>on your island</b> (not on Nook Miles Ticket islands or when visiting other players) for records of your weather. In the Switch album, you can press A to see the date and time they were taken. You may be able to get more accurate times by transferring them to a microSD card and reading them from your computer.%%-‚ö†Ô∏è The EventDay00 weather pattern (clear weather with no shooting stars) will be forced on the day K.K. Slider performs for the first time, and any day you add a new player (Switch profile) to your island. Do not use data from these days!%%-‚ö†Ô∏è Days in Animal Crossing start and end at <b>05H</b>, so if you log weather or shooting stars after midnight, make sure you put them on the same calendar date as the ones before midnight.	-No introduzcas informaci√≥n si no est√°s completamente seguro.%%-Mira los pantallazos y v√≠deos que has grabado <b>en tu isla</b> (descartando las islas de millas Nook y las islas de otros jugadores) para obtener el hist√≥rico del tiempo. En las fotos de Switch, puedes pulsar A para ver la fecha y la hora en que se grabaron. Tal vez puedes obtener tiempos mas precisos si las pasas a una tarjeta microSD y miras los archivos en tu ordenador.%%-‚ö†Ô∏è El patr√≥n EventDay00 (claro sin meteoritos) es forzado en el d√≠a del primer concierto de Totakeke, y cualquier d√≠a que a√±ades un jugador nuevo a la isla. No utilizes datos de estos d√≠as.%%-‚ö†Ô∏è Los d√≠as en Animal Crossing comienzan y acaban a las <b>05H</b>, as√≠ que si grabas tiempo o meteoritos a partir de la medianoche y antes de las 05H, aseg√∫rate de que los pones en la misma fecha que los que grabaste antes de la medianoche.	-Don't put info in if you're not completely sure about it.%%-Look through screenshots and videos you've taken <b>on your island</b> (not on Nook Miles Ticket islands or when visiting other players) for records of your weather. In the Switch album, you can press A to see the date and time they were taken. You may be able to get more accurate times by transferring them to a microSD card and reading them from your computer.%%-‚ö†Ô∏è The EventDay00 weather pattern (clear weather with no shooting stars) will be forced on the day K.K. Slider performs for the first time, and any day you add a new player (Switch profile) to your island. Do not use data from these days!%%-‚ö†Ô∏è Days in Animal Crossing start and end at <b>05H</b>, so if you log weather or shooting stars after midnight, make sure you put them on the same calendar date as the ones before midnight.
		
tStep1	Step 1: Enter your Information	Paso 1: Introduce tu informaci√≥n	Step 1: Enter your Information
tNorthernHemi	Northern hemisphere	Hemisferio norte	N√∂rdliche Hemisph√§re
tSouthernHemi	Southern hemisphere	Hemisferio sur	S√ºdliche Hemisph√§re
tnorthern	northern	norte	n√∂rdliche
tsouthern	southern	sur	s√ºdliche
tSpecialDay	Careful: In the {hemi} hemisphere, this day is <b>{day}</b>!{warn}	Aviso: En el hemisferio {hemi}, este d√≠a es <b>{day}</b>!{warn}	Vorsicht: In der {hemi} Hemisph√§re ist heute <b>{day}</b>!{warn}
tSpDayWarnEv	This forces the EventDay00 weather pattern if you have the event unlocked.	Esto fuerza el patr√≥n EventDay00 si tienes este evento activo.	This forces the EventDay00 weather pattern if you have the event unlocked.
tSpDayWarnRS	This forces the EventDay00 weather pattern if you have Resident Services upgraded.	Esto fuerza el patr√≥n EventDay00 si has reformado la oficina de gesti√≥n vecinal.	This forces the EventDay00 weather pattern if you have Resident Services upgraded.
tSpDayWarn	This forces the EventDay00 weather pattern.	Esto fuerza el patr√≥n EventDay00.	This forces the EventDay00 weather pattern.
tResetBlurb	Your pattern data will automatically be saved to your browser, so you can close the page and come back later. Click here to start over:	Tus datos de patr√≥n se guardar√°n autom√°ticamente en tu navegador, as√≠ que puedes cerrar la pagina y volver despu√©s. Haz clic aqu√≠ para empezar de nuevo:	Your pattern data will automatically be saved to your browser, so you can close the page and come back later. Click here to start over:
tResetButton	Reset Data	Borrar datos	Daten zur√ºcksetzen
tExportBlurb	To get support with MeteoNook, you might need to supply your data. Click here to export it to JSON format:	Para obtener soporte t√©cnico con MeteoNook, quiz√°s tendr√°s que ofrecer tus datos. Haz clic aqu√≠ para exportarlos al formato JSON:	To get support with MeteoNook, you might need to supply your data. Click here to export it to JSON format:
tExportButton	Export Data	Exportar datos	Daten exportieren
tTPatterns	Special Patterns	Patrones especiales	Special Patterns
tNoData	No data, or not sure	No tengo datos, o no estoy seguro	Keine Daten oder unsicher
tShower	Meteor shower or visit from Celeste	Lluvia de meteoritos o visita de Estela	Sternschnuppen oder Besuch von Eufemia
tRainbow	Rainbow	Arco√≠ris	Regenbogen
tAuroraN	Aurora borealis	Aurora boreal	Aurora borealis
tAuroraS	Aurora australis	Aurora astral	Aurora australis
tNone	None of the above	Ninguno de estos	Keines der zuvor genannten
tTShower	Meteor Shower Info	Informaci√≥n de meteoritos	Meteor Shower Info
tHeavy	Heavy shower (mentioned by Isabelle or villagers, 5-8 stars a minute)	Lluvia fuerte (anunciado por Canela o tus vecinos, 5-8 meteoritos por minuto)	Heavy shower (mentioned by Isabelle or villagers, 5-8 stars a minute)
tLight	Light shower (5 stars a minute, coming in rare bursts)	Lluvia leve (5 meteoritos cada minuto, con muy baja frecuencia)	Light shower (5 stars a minute, coming in rare bursts)
tNotSure	Not sure	No estoy seguro	Unsicher
tTTimes	Times when stars appeared	Horario de meteoritos	Times when stars appeared
tEditSeconds	Edit Seconds	Editar segundos	Edit Seconds
tAddTime	Add Time	A√±adir hora	Add Time
tEnoughTimes	You have enough now!	¬°Tienes bastante!	You have enough now!
tTGaps	Gaps with no stars	Huecos sin meteoritos	Gaps with no stars
tTo	to	hasta	to
tAddGap	Add Gap	A√±adir un hueco	Add Gap
tMakeFromTimes	Make from times	Crear a partir del horario	Make from times
tTTypes	Weather Types	Tipos de tiempo	Weather Types
tAddType	Add Type	A√±adir un tipo	Add Type
tPatterns	Possible patterns:	Patrones posibles:	Possible patterns:
tPatternsNone	<span class='text-danger'>none</span>. Double-check your info!	<span class='text-danger'>ninguno</span>. ¬°Comprueba tus datos!	<span class='text-danger'>none</span>. Double-check your info!
tTRainbow	Rainbow Info	Informaci√≥n de arco√≠ris	Rainbow Info
tTime	Time	Tiempo	Time
tDoubleRainbow	Double rainbow	Arco√≠ris doble	Double rainbow
tTAurora	Aurora Info	Informaci√≥n de la aurora	Aurora Info
tAuroraFit	Which of these patterns fit?	¬øCu√°l de estos patrones encaja?	Which of these patterns fit?
tStep2	Step 2: Find your Seed	Paso 2: Encuentra tu semilla	Step 2: Find your Seed
tStart	Start Search	Comenzar b√∫squeda	Suche starten
tCancel	Cancel Search	Cancelar b√∫squeda	Suche abbrechen
tWorking	Searching...	Buscando...	Suche‚Ä¶
tInfoDefault	Once you've filled in the information above, click Start Search to begin the process.	Cuando hayas rellenado los datos, haz clic en 'Comenzar b√∫squeda' para... comenzar la b√∫squeda.	Once you've filled in the information above, click Start Search to begin the process.
tInfoRunning	Searching, hold on...	Buscando, espera...	Searching, hold on...
tInfoRunningC	Searching, hold on... Found {count} so far: {seeds}	Buscando, espera... {count} encontrada: {seeds}	Searching, hold on... Found {count} so far: {seeds}
tInfoPossibleSeeds	1 possible seed | {n} possible seeds	1 semilla posible | {n} semillas posibles	1 possible seed | {n} possible seeds
tInfoMoreData	You haven't entered enough weather information to narrow down your island's seed.	Estos datos no son suficientes para determinar la semilla ambiental en tu isla.	You haven't entered enough weather information to narrow down your island's seed.
tInfoNoSeeds	There are no seeds that match the information you entered. Please double-check it!	No hay semillas que encajen con los datos que has puesto. ¬°Compru√©balos, por favor!	There are no seeds that match the information you entered. Please double-check it!
tInfoMultiSeed	It looks like there are {count} seeds that fit the information you've given: {seeds}. You can look at these by clicking on each one to try it and to see how it compares to your island, or you can add more data above and try searching again.	Parece que hay {count} semillas que encajan con la informaci√≥n que has puesto: {seeds}. Si quieres comprobarlas, puedes hacer clic en cada una para probarla y ver c√≥mo se comparan con el tiempo en tu isla. Si no, a√±ade m√°s datos en este paso e intenta buscar otra vez.	It looks like there are {count} seeds that fit the information you've given: {seeds}. You can look at these by clicking on each one to try it and to see how it compares to your island, or you can add more data above and try searching again.
tInfoSeed	Your island's weather seed is <b>{seed}</b>. Write it down somewhere for safekeeping. Once you've done that, go to the 'Overview' tab to finish the process and see your forecast.	La semilla ambiental en tu isla es <b>{seed}</b>. Ap√∫ntala en alg√∫n lado para no perderla. Cuando la hayas guardado, p√°sate a la pesta√±a 'Ahora' para completar los datos y ver tu pron√≥stico.	Your island's weather seed is <b>{seed}</b>. Write it down somewhere for safekeeping. Once you've done that, go to the 'Overview' tab to finish the process and see your forecast.
tErrNoPatterns	The information you have for {date} doesn't match any of the possible weather patterns for that date. Please double-check that data.	La informaci√≥n que tienes para el {date} no encaja con ningunos de los patrones posibles en ese d√≠a. ¬°Comprueba tus datos!	The information you have for {date} doesn't match any of the possible weather patterns for that date. Please double-check that data.
tErrStarConflict	You have a gap saying that at {time} on {date}, there both is and isn't a star. Please fix it!	Tienes un hueco diciendo que a las {time} del {date} hubo y no hubo un meteorito. ¬°Arregla eso!	You have a gap saying that at {time} on {date}, there both is and isn't a star. Please fix it!
		
tsTitle	Editing star at {time}	Meteorito a las {time}	Editing star at {time}
tsHeader	During a heavy shower you get 5 or 8 stars in a minute, and during a light shower, you get 5 stars in a minute. If you know the exact seconds for each star, enter them below.	Durante una lluvia fuerte, habr√° 5 u 8 meteoritos en un minuto, y durante una lluvia leve pasar√°n 5 meteoritos en un minuto. Si sabes los segundos en que cada meteorito apareci√≥, ponlo aqu√≠.	During a heavy shower you get 5 or 8 stars in a minute, and during a light shower, you get 5 stars in a minute. If you know the exact seconds for each star, enter them below.
tsStar	Star {n}	Meteorito {n}	Star {n}
tsFooter1	This is very powerful, but be careful - it's difficult to get these right! You may want to take a video of your Switch (e.g. with your phone) with the in-game clock and the sky visible while shooting stars are falling. Watch it afterwards and note the times when the in-game clock changes and when stars appear, then compare them to find the seconds for each star.	Esta opci√≥n tiene mucho potencial, pero ten cuidado - ¬°es dif√≠cil hacerlo bien! Puedes grabar un v√≠deo de tu Switch (con tu m√≥vil, por ejemplo) con el cielo y el reloj del juego cuando hay meteoritos. Si despu√©s reproduces el video y apuntas el tiempo en que el reloj cambia y el tiempo en que aparecen los meteoritos, podr√°s compararlos y determinar cu√°ndo aparecen.	This is very powerful, but be careful - it's difficult to get these right! You may want to take a video of your Switch (e.g. with your phone) with the in-game clock and the sky visible while shooting stars are falling. Watch it afterwards and note the times when the in-game clock changes and when stars appear, then compare them to find the seconds for each star.
tsFooter2	The search algorithm allows your measurements to be up to <b>4 seconds late</b>.	El algoritmo de b√∫squeda permite que tus mediciones tengan <b>hasta 4 segundos de retraso</b>.	The search algorithm allows your measurements to be up to <b>4 seconds late</b>.
tsCancel	Cancel	Cancelar	Cancel
tsSave	Save	Guardar	Save
		
deTitle	Exported data	Datos exportados	Exported data
		
yLight	1 light shower | {n} light showers	1 lluvia leve de meteoritos | {n} lluvias leves de meteoritos	1 light shower | {n} light showers
yHeavy	1 heavy shower | {n} heavy showers	1 lluvia fuerte de meteoritos | {n} lluvias fuertes de meteoritos	1 heavy shower | {n} heavy showers
yRainbow	1 rainbow | {n} rainbows	{n} arco√≠ris	1 rainbow | {n} rainbows
yRainbowDouble	({n} double)	({n} doble)	({n} double)
yAuroraN	1 aurora borealis day | {n} aurora borealis days	1 d√≠a con aurora | {n} d√≠as con aurora	1 aurora borealis day | {n} aurora borealis days
yAuroraS	1 aurora australis day | {n} aurora australis days	1 d√≠a con aurora | {n} d√≠as con aurora	1 aurora australis day | {n} aurora australis days
		
oExample	This is an example forecast that shows what MeteoNook can do. Once you find out your island's seed, fill in the details below to get your personalised overview.	Esto es un pronostico ejemplar para demostrar lo que MeteoNook puede hacer. Cuando hayas encontrado tu semilla ambiental, introduce los detalles en el formulario para recibir tu pronostico personal.	This is an example forecast that shows what MeteoNook can do. Once you find out your island's seed, fill in the details below to get your personalised overview.
oChange	Change	Cambiar	Change
oEditSettings	Edit settings	Editar ajustes	Edit settings
oShareLink	Share a link	Compartir con enlace	Share a link
oRemoveIsland	Remove island	Borrar esta isla	Remove island
oSavedIslands	Saved islands	Islas guardadas	Saved islands
oAddIsland	Add another island	A√±adir otra isla	Add another island
oTitle	Weather on {island}	El tiempo para {island}	Weather on {island}
		
oToday	Today	Hoy	Today
oTomorrow	Tomorrow	Ma√±ana	Tomorrow
oSeeMore	See more	Ver m√°s	See more
oPattern	Pattern: {pattern}	Patr√≥n: {pattern}	Pattern: {pattern}
oSunny	Clear {list}	Claro {list}	Clear {list}
oCloudy	Cloudy {list}	Nublado {list}	Cloudy {list}
oRain	Rain {list}	Lluvia {list}	Rain {list}
oSnow	Snow {list}	Nevando {list}	Snow {list}
oMorning	morning	ma√±ana	morning
oAfternoon	afternoon	tarde	afternoon
oEvening	evening	noche	evening
oNight	night	noche	night
oZoneList1	in the {0}	por la {0}	in the {0}
oZoneList2	in the {0} and {1}	por la {0} y {1}	in the {0} and {1}
oZoneList3	in the {0}, {1} and {2}	por la {0}, {1} y {2}	in the {0}, {1} and {2}
oZoneRest	for the rest of the day	el resto del d√≠a	for the rest of the day
oZoneAllDay	all day	todo el d√≠a	all day
		
oHeavyShowerAlert	Heavy meteor shower: expect shooting stars between {start} and {end}	Lluvia fuerte: ver√°s meteoritos entre las {start} y las {end}	Heavy meteor shower: expect shooting stars between {start} and {end}
oShowerAlert	Expect some shooting stars around {list}	Ver√°s algunos meteoritos alrededor de {list}	Expect some shooting stars around {list}
oTimeList1	{0}	las {0}	{0}
oTimeList2	{0} and {1}	{0} y las {1}	{0} and {1}
		
oUpcoming	Coming up	Pr√≥ximamente	Coming up
oRainbowAt	Rainbow at {time}	Arco√≠ris a las {time}	Rainbow at {time}
oHeavyShower	Heavy meteor shower	Lluvia fuerte de meteoritos	Heavy meteor shower
oSnowStart	Snowy season begins	Comienza la temporada de nieve	Snowy season begins
oSnowEnd	Snowy season ends	Acaba la temporada de nieve	Snowy season ends
oFogStart	Fog season begins	Comienza la temporada de niebla	Fog season begins
oFogEnd	Fog season ends	Acaba la temporada de niebla	Fog season ends
		
oConstellation	Constellation	Constelaci√≥n	Constellation
oZodiacNow	Now:	Ahora:	Now:
oZodiacNext	Next:	Pr√≥ximo:	Next:
oZodiacFrom	(from {date})	(desde el {date})	(from {date})
		
tForecastConfig	Forecast configuration	Configuraci√≥n del pron√≥stico	Forecast configuration
tIslandName	Island name	Nombre de la isla	Island name
tIslandNameDesc	This doesn't affect the forecast, but if you want to keep track of multiple islands in MeteoNook, this will allow you to tell them apart.	Esto no influye el pron√≥stico, pero si quieres echarle un ojo a varias islas en MeteoNook, esta opci√≥n te permitir√° distinguirlas.	This doesn't affect the forecast, but if you want to keep track of multiple islands in MeteoNook, this will allow you to tell them apart.
tSeed	Weather seed	Semilla ambiental	Weather seed
tHemisphere	Hemisphere	Hemisferio	Hemisphere
tNorthern	Northern	Norte	Northern
tSouthern	Southern	Sur	Southern
tClockMode	Are you time sly?	¬øComo tienes tu reloj?	Are you time sly?
tRealTime	No, my Switch's clock is real time	Mi consola Switch tiene el tiempo actual	No, my Switch's clock is real time
tTimeTravel	Yes, I time travel	Viajo en el tiempo	Yes, I time travel
tClockModeDesc	This option will set what MeteoNook considers as "today". This does not affect the predictions, it just makes the app a little more convenient to use.	Esta opci√≥n controla como MeteoNook decide la fecha para mostrar como "hoy". No afecta las previsiones, pero la app sera un poquito mas √∫til si lo configuras bien.	This option will set what MeteoNook considers as "today". This does not affect the predictions, it just makes the app a little more convenient to use.
tClockOffset	Clock offset	Desplazamiento del reloj	Clock offset
tClockOffsetDesc	You can enter an offset in minutes, or select the date and time that your Switch is currently set to.	Puedes introducir una cantidad de minutos como el desplazamiento, o elegir la fecha y hora que aparecen en tu consola Switch ahora mismo.	You can enter an offset in minutes, or select the date and time that your Switch is currently set to.
tMinutesSuffix	minutes	minutos	minutes
tPreview	Try (don't save)	Probar (sin guardar)	Try (don't save)
tSave	Save Settings	Guardar estas opciones	Save Settings
tCancel	Cancel	Cancelar	Cancel
		
oGuidanceSingle	This is the weather that you should get with the seed that MeteoNook has calculated. You can see more details on the 'Yearly' and 'Monthly' tabs. If it doesn't look right, then you may have made a mistake in your data - don't worry, it happens. If everything looks good, then fill in the remaining fields and click Save. Enjoy MeteoNook!	Aqu√≠ tienes el tiempo que deber√≠as tener en tu isla con la semilla que MeteoNook ha encontrado. Puedes ver mas detalles en la pesta√±as 'Anual' y 'Mensual'. Si no se ve bien, tal vez tendr√°s un fallo en tus datos - no te preocupes, suele pasar de vez en cuando. Si todo se ve bien, completa los campos que quedan en el formulario y dale a Guardar. ¬°Disfruta MeteoNook!	This is the weather that you should get with the seed that MeteoNook has calculated. You can see more details on the 'Yearly' and 'Monthly' tabs. If it doesn't look right, then you may have made a mistake in your data - don't worry, it happens. If everything looks good, then fill in the remaining fields and click Save. Enjoy MeteoNook!
oGuidanceMulti	This is the weather that you should get if this seed is the correct one for your island. You can see more details on the 'Yearly' and 'Monthly' tabs. If it doesn't look right, then go back to the 'Seed' tab and try a different one. If it all fits, then you're lucky - fill in the remaining fields and hit Save. Enjoy MeteoNook!	Aqu√≠ tienes el tiempo que deber√≠as tener en tu isla si esta semilla es la que verdaderamente tiene tu isla. Puedes ver mas detalles en la pesta√±as 'Anual' y 'Mensual'. Si no se ve bien, vuelve a la pesta√±a 'Semilla' y prueba otra. Si todo encaja, has tenido suerte - completa los campos que quedan en el formulario y dale a Guardar. ¬°Disfruta MeteoNook!	This is the weather that you should get if this seed is the correct one for your island. You can see more details on the 'Yearly' and 'Monthly' tabs. If it doesn't look right, then go back to the 'Seed' tab and try a different one. If it all fits, then you're lucky - fill in the remaining fields and hit Save. Enjoy MeteoNook!
		
lsTitle	Shared link	Enlace compartido	Shared link
lsBlurb	The link below contains the data for your island. You can give it to a friend for them to see your weather patterns, or you can just store it somewhere for safekeeping. The choice is yours!	El siguiente enlace contiene los datos para tu isla. Puedes compartirlo con un amigo para que pueda ver el tiempo en tu isla, o guardarlo en alg√∫n lado para seguridad. ¬°La decisi√≥n es tuya!	The link below contains the data for your island. You can give it to a friend for them to see your weather patterns, or you can just store it somewhere for safekeeping. The choice is yours!
lsDone	Done, thank you	Listo, gracias	Done, thank you
		
		
		
		
		
dTitlePreview	Preview of pattern {pattern}	Ejemplo del patr√≥n {pattern}	Preview of pattern {pattern}
dTitleDay	Weather for {date} ({pattern})	El tiempo para {date} ({pattern})	Weather for {date} ({pattern})
dSpDay	This day has special weather because of {day}	Este d√≠a hace un tiempo especial porque se celebra {day}	This day has special weather because of {day}
dWindTooltip	Wind strength	Velocidad del viento	Wind strength
dHeavyFog	Heavy fog	Niebla sobre la isla	Heavy fog
dWaterFog	Water fog	Niebla sobre el agua	Water fog
dRainbowSingle	Rainbow!	¬°Arco√≠ris!	Rainbow!
dRainbowDouble	Double rainbow!	¬°Arco√≠ris doble!	Double rainbow!
dRainbowEither	Rainbow or double rainbow	Arco√≠ris o arco√≠ris doble	Rainbow or double rainbow
dAuroraN	Aurora borealis!	¬°Aurora boreal!	Aurora borealis!
dAuroraS	Aurora australis!	¬°Aurora austral!	Aurora australis!
dStars	Stars possible!	¬°Meteoritos posibles!	Stars possible!
		
dunno	Don't know	No s√©	Don't know
lstWeekdays	Sun%%Mon%%Tue%%Wed%%Thu%%Fri%%Sat	Dom%%Lun%%Mar%%Mi√©%%Jue%%Vie%%S√°b	Sun%%Mon%%Tue%%Wed%%Thu%%Fri%%Sat
lstMonths	January%%February%%March%%April%%May%%June%%July%%August%%September%%October%%November%%December	Enero%%Febrero%%Marzo%%Abril%%Mayo%%Junio%%Julio%%Agosto%%Septiembre%%Octubre%%Noviembre%%Diciembre	January%%February%%March%%April%%May%%June%%July%%August%%September%%October%%November%%December
lstSpecialDays	Bunny Day%%Fishing Tourney%%Bug-Off%%New Year's Eve Countdown	la Caza del Huevo%%el Torneo de Pesca%%la Caza de Bichos%%Nochevieja	Bunny Day%%Fishing Tourney%%Bug-Off%%New Year's Eve Countdown
lstSpecialDaysA	Bunny Day%%the Fishing Tourney%%the Bug-Off%%the New Year's Eve Countdown	la Caza del Huevo%%el Torneo de Pesca%%la Caza de Bichos%%Nochevieja	Bunny Day%%the Fishing Tourney%%the Bug-Off%%the New Year's Eve Countdown
lstPatternChoices	‚òÄ Clear/Fine%%üå§ Sunny%%üå• Cloudy%%‚òÅ Rain Clouds%%üåß Rain/Snow%%‚õà Heavy Rain/Snow%%Unsure (clear or sunny)%%Unsure (sunny or cloudy)%%Unsure (cloudy or rain clouds)%%Unsure (no rain/snow)%%Unsure (rain/snow)	‚òÄ Claro%%üå§ Soleado%%üå• Nublado%%‚òÅ Nubes de lluvia%%üåß Lluvia/nieve%%‚õà Lluvia/nieve fuerte%%No estoy seguro (claro o soleado)%%No estoy seguro (soleado o nublado)%%No estoy seguro (nublado o nubes de lluvia)%%No estoy seguro (sin lluvia o nieve)%%No estoy seguro (lluvia o nieve)	‚òÄ Clear/Fine%%üå§ Sunny%%üå• Cloudy%%‚òÅ Rain Clouds%%üåß Rain/Snow%%‚õà Heavy Rain/Snow%%Unsure (clear or sunny)%%Unsure (sunny or cloudy)%%Unsure (cloudy or rain clouds)%%Unsure (no rain/snow)%%Unsure (rain/snow)
lstPatternNoSnow	‚òÄ Clear/Fine%%üå§ Sunny%%üå• Cloudy%%‚òÅ Rain Clouds%%üåß Rain%%‚õà Heavy Rain	‚òÄ Claro%%üå§ Soleado%%üå• Nublado%%‚òÅ Nubes de lluvia%%üåß Lluvia%%‚õà Lluvia fuerte	‚òÄ Clear/Fine%%üå§ Sunny%%üå• Cloudy%%‚òÅ Rain Clouds%%üåß Rain%%‚õà Heavy Rain
lstPatternSnow	‚òÄ Clear/Fine%%üå§ Sunny%%üå• Cloudy%%‚òÅ Rain Clouds%%üå® Snow%%üå® Heavy Snow	‚òÄ Claro%%üå§ Soleado%%üå• Nublado%%‚òÅ Nubes de lluvia%%üå® Nieve%%üå® Nieve fuerte	‚òÄ Clear/Fine%%üå§ Sunny%%üå• Cloudy%%‚òÅ Rain Clouds%%üå® Snow%%üå® Heavy Snow
lstConstellation	Capricorn%%Aquarius%%Pisces%%Aries%%Taurus%%Gemini%%Cancer%%Leo%%Virgo%%Libra%%Scorpio%%Sagittarius	capricornio%%acuario%%piscis%%aries%%tauro%%g√©minis%%c√°ncer%%leo%%virgo%%libra%%escorpio%%sagitario	Capricorn%%Aquarius%%Pisces%%Aries%%Taurus%%Gemini%%Cancer%%Leo%%Virgo%%Libra%%Scorpio%%Sagittarius
		
credTitle	Credits	Agradecimientos	Danksagung
credSource	MeteoNook is available under the {license}. The source code is available on GitHub: {repo}	MeteoNook est√° distribuido bajo la {license}. El c√≥digo fuente est√° disponible en GitHub: {repo}	MeteoNook ist verf√ºgbar unter {license}. Der Quellcode ist verf√ºgbar auf GitHub: {repo}
credThank1	Special thanks to the following people for their help:	Muchas gracias a los siguientes usuarios por su ayuda:	Spezieller Dank an folgende Leute f√ºr ihre Hilfe:
credThank1a	Testing and suggestions:	Pruebas y sugerencias:	Tests und Verbesserungsvorschl√§ge:
credThank1b	Translations:	Traducciones:	√úbersetzungen:
credThank2	MeteoNook includes parts of the following software:	MeteoNook incluye componentes de este software:	MeteoNook verwendet Teile folgender Software:
credThank3	Shoutouts to:	Adem√°s, gracias a:	Danke an:
		
footerCopy	MeteoNook is ¬© {me}, {year}. Not affiliated with or endorsed by Nintendo.	MeteoNook es ¬© de {me}, {year}. Esta web no esta asociada con ni avalada por Nintendo.	MeteoNook ¬© {me}, {year}. Keine Verbindung zu Nintendo, keine Unterst√ºtzung durch Nintendo.
footerDonate	Want to support me?	¬øQuieres apoyarme?	Du m√∂chtest mich unterst√ºtzen?
footerVersion	Version:	Versi√≥n:	Version:
